<?xml version="1.0" encoding="UTF-8"?>
<!DOCTYPE mapper
      PUBLIC "-//mybatis.org//DTD Mapper 3.0//EN"
   "http://mybatis.org/dtd/mybatis-3-mapper.dtd">

<mapper namespace="mapper.mapp">
	<sql id="createTabless">
	
		<include refid="classpath:sql/testschemahere_tb_address.sql"></include>
		<include refid="classpath:sql/testschemahere_tb_address.sql"></include>
		
	</sql>
	<update id="createTables">
        ${createTabless}
    </update>
	<select id="gotAll" resultMap="testResultMap"
		>
	  SELECT
            u.us_id,
            u.us_name,
            u.us_email,
            a.ad_id,
            a.ad_city,
            a.ad_state
        FROM
            tb_user u
        LEFT JOIN
            tb_address a ON u.ad_id = a.ad_id
        
	</select>
	 <resultMap id="testResultMap" type="user">
        <id property="userId" column="us_id"/>
        <result property="userName" column="us_name"/>
        <result property="userEmail" column="us_email"/>
        <association property="address" javaType="address">
            <id property="addressId" column="ad_id"/>
            <result property="city" column="ad_city"/>
            <result property="state" column="ad_state"/>
        </association>
    </resultMap>
</mapper>