[
  {
    "mob_name": 1,
    "mob_tag": 100,
    "mob_x": 37,
    "mob_y": 26,
    "mob_gif": 0,
    "mob_level": 1
  },
  {
    "mob_name": 1,
    "mob_tag": 110,
    "mob_x": 37,
    "mob_y": 26,
    "mob_gif": 1,
    "mob_level": 1
  },
  {
    "mob_name": 1,
    "mob_tag": 111,
    "mob_x": 36,
    "mob_y": 25,
    "mob_gif": 0,
    "mob_level": 1
  },
  {
    "mob_name": 1,
    "mob_tag": 112,
    "mob_x": 36,
    "mob_y": 25,
    "mob_gif": 0,
    "mob_level": 1
  },
  {
    "mob_name": 1,
    "mob_tag": 113,
    "mob_x": 36,
    "mob_y": 24,
    "mob_gif": 0,
    "mob_level": 1
  },
  {
    "mob_name": 1,
    "mob_tag": 114,
    "mob_x": 37,
    "mob_y": 24,
    "mob_gif": 0,
    "mob_level": 1
  },
  {
    "mob_name": 1,
    "mob_tag": 120,
    "mob_x": 43,
    "mob_y": 33,
    "mob_gif": 0,
    "mob_level": 1
  },
  {
    "mob_name": 1,
    "mob_tag": 130,
    "mob_x": 43,
    "mob_y": 33,
    "mob_gif": 1,
    "mob_level": 1
  },
  {
    "mob_name": 1,
    "mob_tag": 131,
    "mob_x": 44,
    "mob_y": 31,
    "mob_gif": 0,
    "mob_level": 1
  },
  {
    "mob_name": 1,
    "mob_tag": 132,
    "mob_x": 36,
    "mob_y": 24,
    "mob_gif": 0,
    "mob_level": 1
  },
  {
    "mob_name": 1,
    "mob_tag": 133,
    "mob_x": 36,
    "mob_y": 24,
    "mob_gif": 0,
    "mob_level": 1
  },
  {
    "mob_name": 1,
    "mob_tag": 134,
    "mob_x": 35,
    "mob_y": 23,
    "mob_gif": 0,
    "mob_level": 1
  },
  {
    "mob_name": 1,
    "mob_tag": 135,
    "mob_x": 35,
    "mob_y": 18,
    "mob_gif": 0,
    "mob_level": 1
  },
  {
    "mob_name": 1,
    "mob_tag": 136,
    "mob_x": 33,
    "mob_y": 14,
    "mob_gif": 0,
    "mob_level": 1
  },
  {
    "mob_name": 1,
    "mob_tag": 137,
    "mob_x": 33,
    "mob_y": 10,
    "mob_gif": 0,
    "mob_level": 1
  },
  {
    "mob_name": 1,
    "mob_tag": 138,
    "mob_x": 33,
    "mob_y": 6,
    "mob_gif": 0,
    "mob_level": 1
  },
  {
    "mob_name": 2,
    "mob_tag": 200,
    "mob_x": 35,
    "mob_y": 34,
    "mob_gif": 0,
    "mob_level": 1
  },
  {
    "mob_name": 2,
    "mob_tag": 210,
    "mob_x": 35,
    "mob_y": 34,
    "mob_gif": 1,
    "mob_level": 1
  },
  {
    "mob_name": 2,
    "mob_tag": 211,
    "mob_x": 37,
    "mob_y": 34,
    "mob_gif": 0,
    "mob_level": 1
  },
  {
    "mob_name": 2,
    "mob_tag": 212,
    "mob_x": 39,
    "mob_y": 34,
    "mob_gif": 0,
    "mob_level": 1
  },
  {
    "mob_name": 2,
    "mob_tag": 213,
    "mob_x": 41,
    "mob_y": 34,
    "mob_gif": 0,
    "mob_level": 1
  },
  {
    "mob_name": 2,
    "mob_tag": 220,
    "mob_x": 41,
    "mob_y": 39,
    "mob_gif": 0,
    "mob_level": 1
  },
  {
    "mob_name": 2,
    "mob_tag": 230,
    "mob_x": 39,
    "mob_y": 32,
    "mob_gif": 1,
    "mob_level": 1
  },
  {
    "mob_name": 2,
    "mob_tag": 231,
    "mob_x": 47,
    "mob_y": 29,
    "mob_gif": 0,
    "mob_level": 1
  },
  {
    "mob_name": 2,
    "mob_tag": 232,
    "mob_x": 56,
    "mob_y": 27,
    "mob_gif": 0,
    "mob_level": 1
  },
  {
    "mob_name": 3,
    "mob_tag": 300,
    "mob_x": 35,
    "mob_y": 34,
    "mob_gif": 0,
    "mob_level": 1
  },
  {
    "mob_name": 3,
    "mob_tag": 310,
    "mob_x": 35,
    "mob_y": 34,
    "mob_gif": 1,
    "mob_level": 1
  },
  {
    "mob_name": 3,
    "mob_tag": 311,
    "mob_x": 37,
    "mob_y": 34,
    "mob_gif": 0,
    "mob_level": 1
  },
  {
    "mob_name": 3,
    "mob_tag": 312,
    "mob_x": 39,
    "mob_y": 34,
    "mob_gif": 0,
    "mob_level": 1
  },
  {
    "mob_name": 3,
    "mob_tag": 313,
    "mob_x": 41,
    "mob_y": 34,
    "mob_gif": 0,
    "mob_level": 1
  },
  {
    "mob_name": 3,
    "mob_tag": 320,
    "mob_x": 41,
    "mob_y": 39,
    "mob_gif": 0,
    "mob_level": 1
  },
  {
    "mob_name": 3,
    "mob_tag": 330,
    "mob_x": 39,
    "mob_y": 32,
    "mob_gif": 1,
    "mob_level": 1
  },
  {
    "mob_name": 3,
    "mob_tag": 331,
    "mob_x": 47,
    "mob_y": 29,
    "mob_gif": 0,
    "mob_level": 1
  },
  {
    "mob_name": 3,
    "mob_tag": 332,
    "mob_x": 56,
    "mob_y": 27,
    "mob_gif": 0,
    "mob_level": 1
  },
  {
    "mob_name": 4,
    "mob_tag": 400,
    "mob_x": 36,
    "mob_y": 36,
    "mob_gif": 1,
    "mob_level": 1
  },
  {
    "mob_name": 4,
    "mob_tag": 401,
    "mob_x": 36,
    "mob_y": 36,
    "mob_gif": 0,
    "mob_level": 1
  },
  {
    "mob_name": 4,
    "mob_tag": 402,
    "mob_x": 36,
    "mob_y": 36,
    "mob_gif": 0,
    "mob_level": 1
  },
  {
    "mob_name": 4,
    "mob_tag": 410,
    "mob_x": 36,
    "mob_y": 36,
    "mob_gif": 1,
    "mob_level": 1
  },
  {
    "mob_name": 4,
    "mob_tag": 411,
    "mob_x": 35,
    "mob_y": 37,
    "mob_gif": 0,
    "mob_level": 1
  },
  {
    "mob_name": 4,
    "mob_tag": 412,
    "mob_x": 35,
    "mob_y": 36,
    "mob_gif": 0,
    "mob_level": 1
  },
  {
    "mob_name": 4,
    "mob_tag": 413,
    "mob_x": 37,
    "mob_y": 36,
    "mob_gif": 0,
    "mob_level": 1
  },
  {
    "mob_name": 4,
    "mob_tag": 420,
    "mob_x": 36,
    "mob_y": 36,
    "mob_gif": 0,
    "mob_level": 1
  },
  {
    "mob_name": 4,
    "mob_tag": 430,
    "mob_x": 41,
    "mob_y": 32,
    "mob_gif": 1,
    "mob_level": 1
  },
  {
    "mob_name": 4,
    "mob_tag": 431,
    "mob_x": 38,
    "mob_y": 33,
    "mob_gif": 0,
    "mob_level": 1
  },
  {
    "mob_name": 4,
    "mob_tag": 432,
    "mob_x": 34,
    "mob_y": 37,
    "mob_gif": 0,
    "mob_level": 1
  },
  {
    "mob_name": 4,
    "mob_tag": 433,
    "mob_x": 45,
    "mob_y": 27,
    "mob_gif": 0,
    "mob_level": 1
  },
  {
    "mob_name": 5,
    "mob_tag": 500,
    "mob_x": 63,
    "mob_y": 58,
    "mob_gif": 1,
    "mob_level": 1
  },
  {
    "mob_name": 5,
    "mob_tag": 501,
    "mob_x": 63,
    "mob_y": 55,
    "mob_gif": 0,
    "mob_level": 1
  },
  {
    "mob_name": 5,
    "mob_tag": 510,
    "mob_x": 64,
    "mob_y": 55,
    "mob_gif": 1,
    "mob_level": 1
  },
  {
    "mob_name": 5,
    "mob_tag": 511,
    "mob_x": 62,
    "mob_y": 64,
    "mob_gif": 0,
    "mob_level": 1
  },
  {
    "mob_name": 5,
    "mob_tag": 512,
    "mob_x": 63,
    "mob_y": 55,
    "mob_gif": 0,
    "mob_level": 1
  },
  {
    "mob_name": 5,
    "mob_tag": 520,
    "mob_x": 62,
    "mob_y": 65,
    "mob_gif": 0,
    "mob_level": 1
  },
  {
    "mob_name": 5,
    "mob_tag": 530,
    "mob_x": 61,
    "mob_y": 59,
    "mob_gif": 1,
    "mob_level": 1
  },
  {
    "mob_name": 5,
    "mob_tag": 531,
    "mob_x": 59,
    "mob_y": 52,
    "mob_gif": 0,
    "mob_level": 1
  },
  {
    "mob_name": 5,
    "mob_tag": 532,
    "mob_x": 59,
    "mob_y": 44,
    "mob_gif": 0,
    "mob_level": 1
  },
  {
    "mob_name": 5,
    "mob_tag": 550,
    "mob_x": 62,
    "mob_y": 64,
    "mob_gif": 0,
    "mob_level": 1
  },
  {
    "mob_name": 6,
    "mob_tag": 600,
    "mob_x": 56,
    "mob_y": 52,
    "mob_gif": 1,
    "mob_level": 1
  },
  {
    "mob_name": 6,
    "mob_tag": 601,
    "mob_x": 56,
    "mob_y": 52,
    "mob_gif": 0,
    "mob_level": 1
  },
  {
    "mob_name": 6,
    "mob_tag": 602,
    "mob_x": 56,
    "mob_y": 52,
    "mob_gif": 0,
    "mob_level": 1
  },
  {
    "mob_name": 6,
    "mob_tag": 610,
    "mob_x": 56,
    "mob_y": 52,
    "mob_gif": 1,
    "mob_level": 1
  },
  {
    "mob_name": 6,
    "mob_tag": 611,
    "mob_x": 56,
    "mob_y": 51,
    "mob_gif": 0,
    "mob_level": 1
  },
  {
    "mob_name": 6,
    "mob_tag": 612,
    "mob_x": 56,
    "mob_y": 52,
    "mob_gif": 0,
    "mob_level": 1
  },
  {
    "mob_name": 6,
    "mob_tag": 613,
    "mob_x": 56,
    "mob_y": 51,
    "mob_gif": 0,
    "mob_level": 1
  },
  {
    "mob_name": 6,
    "mob_tag": 620,
    "mob_x": 56,
    "mob_y": 56,
    "mob_gif": 0,
    "mob_level": 1
  },
  {
    "mob_name": 6,
    "mob_tag": 630,
    "mob_x": 57,
    "mob_y": 49,
    "mob_gif": 1,
    "mob_level": 1
  },
  {
    "mob_name": 6,
    "mob_tag": 631,
    "mob_x": 57,
    "mob_y": 48,
    "mob_gif": 0,
    "mob_level": 1
  },
  {
    "mob_name": 6,
    "mob_tag": 632,
    "mob_x": 57,
    "mob_y": 47,
    "mob_gif": 0,
    "mob_level": 1
  },
  {
    "mob_name": 6,
    "mob_tag": 633,
    "mob_x": 57,
    "mob_y": 46,
    "mob_gif": 0,
    "mob_level": 1
  },
  {
    "mob_name": 7,
    "mob_tag": 700,
    "mob_x": 68,
    "mob_y": 40,
    "mob_gif": 1,
    "mob_level": 1
  },
  {
    "mob_name": 7,
    "mob_tag": 701,
    "mob_x": 68,
    "mob_y": 40,
    "mob_gif": 0,
    "mob_level": 1
  },
  {
    "mob_name": 7,
    "mob_tag": 702,
    "mob_x": 69,
    "mob_y": 38,
    "mob_gif": 0,
    "mob_level": 1
  },
  {
    "mob_name": 7,
    "mob_tag": 710,
    "mob_x": 67,
    "mob_y": 46,
    "mob_gif": 1,
    "mob_level": 1
  },
  {
    "mob_name": 7,
    "mob_tag": 711,
    "mob_x": 67,
    "mob_y": 45,
    "mob_gif": 0,
    "mob_level": 1
  },
  {
    "mob_name": 7,
    "mob_tag": 712,
    "mob_x": 66,
    "mob_y": 43,
    "mob_gif": 0,
    "mob_level": 1
  },
  {
    "mob_name": 7,
    "mob_tag": 720,
    "mob_x": 60,
    "mob_y": 54,
    "mob_gif": 0,
    "mob_level": 1
  },
  {
    "mob_name": 7,
    "mob_tag": 730,
    "mob_x": 69,
    "mob_y": 56,
    "mob_gif": 1,
    "mob_level": 1
  },
  {
    "mob_name": 7,
    "mob_tag": 731,
    "mob_x": 68,
    "mob_y": 51,
    "mob_gif": 0,
    "mob_level": 1
  },
  {
    "mob_name": 7,
    "mob_tag": 732,
    "mob_x": 66,
    "mob_y": 49,
    "mob_gif": 0,
    "mob_level": 1
  },
  {
    "mob_name": 7,
    "mob_tag": 750,
    "mob_x": 67,
    "mob_y": 46,
    "mob_gif": 0,
    "mob_level": 1
  },
  {
    "mob_name": 8,
    "mob_tag": 800,
    "mob_x": 68,
    "mob_y": 49,
    "mob_gif": 1,
    "mob_level": 1
  },
  {
    "mob_name": 8,
    "mob_tag": 801,
    "mob_x": 68,
    "mob_y": 47,
    "mob_gif": 0,
    "mob_level": 1
  },
  {
    "mob_name": 8,
    "mob_tag": 802,
    "mob_x": 69,
    "mob_y": 45,
    "mob_gif": 0,
    "mob_level": 1
  },
  {
    "mob_name": 8,
    "mob_tag": 810,
    "mob_x": 67,
    "mob_y": 49,
    "mob_gif": 1,
    "mob_level": 1
  },
  {
    "mob_name": 8,
    "mob_tag": 811,
    "mob_x": 67,
    "mob_y": 50,
    "mob_gif": 0,
    "mob_level": 1
  },
  {
    "mob_name": 8,
    "mob_tag": 812,
    "mob_x": 66,
    "mob_y": 49,
    "mob_gif": 0,
    "mob_level": 1
  },
  {
    "mob_name": 8,
    "mob_tag": 820,
    "mob_x": 60,
    "mob_y": 54,
    "mob_gif": 0,
    "mob_level": 1
  },
  {
    "mob_name": 8,
    "mob_tag": 830,
    "mob_x": 69,
    "mob_y": 56,
    "mob_gif": 1,
    "mob_level": 1
  },
  {
    "mob_name": 8,
    "mob_tag": 831,
    "mob_x": 68,
    "mob_y": 55,
    "mob_gif": 0,
    "mob_level": 1
  },
  {
    "mob_name": 8,
    "mob_tag": 832,
    "mob_x": 66,
    "mob_y": 52,
    "mob_gif": 0,
    "mob_level": 1
  },
  {
    "mob_name": 8,
    "mob_tag": 850,
    "mob_x": 67,
    "mob_y": 49,
    "mob_gif": 0,
    "mob_level": 1
  },
  {
    "mob_name": 9,
    "mob_tag": 900,
    "mob_x": 68,
    "mob_y": 40,
    "mob_gif": 1,
    "mob_level": 1
  },
  {
    "mob_name": 9,
    "mob_tag": 901,
    "mob_x": 68,
    "mob_y": 40,
    "mob_gif": 0,
    "mob_level": 1
  },
  {
    "mob_name": 9,
    "mob_tag": 902,
    "mob_x": 69,
    "mob_y": 38,
    "mob_gif": 0,
    "mob_level": 1
  },
  {
    "mob_name": 9,
    "mob_tag": 910,
    "mob_x": 67,
    "mob_y": 46,
    "mob_gif": 1,
    "mob_level": 1
  },
  {
    "mob_name": 9,
    "mob_tag": 911,
    "mob_x": 67,
    "mob_y": 45,
    "mob_gif": 0,
    "mob_level": 1
  },
  {
    "mob_name": 9,
    "mob_tag": 912,
    "mob_x": 66,
    "mob_y": 43,
    "mob_gif": 0,
    "mob_level": 1
  },
  {
    "mob_name": 9,
    "mob_tag": 920,
    "mob_x": 60,
    "mob_y": 54,
    "mob_gif": 0,
    "mob_level": 1
  },
  {
    "mob_name": 9,
    "mob_tag": 930,
    "mob_x": 60,
    "mob_y": 54,
    "mob_gif": 1,
    "mob_level": 1
  },
  {
    "mob_name": 9,
    "mob_tag": 931,
    "mob_x": 69,
    "mob_y": 56,
    "mob_gif": 0,
    "mob_level": 1
  },
  {
    "mob_name": 9,
    "mob_tag": 932,
    "mob_x": 68,
    "mob_y": 51,
    "mob_gif": 0,
    "mob_level": 1
  },
  {
    "mob_name": 9,
    "mob_tag": 933,
    "mob_x": 66,
    "mob_y": 49,
    "mob_gif": 0,
    "mob_level": 1
  },
  {
    "mob_name": 9,
    "mob_tag": 934,
    "mob_x": 66,
    "mob_y": 47,
    "mob_gif": 0,
    "mob_level": 1
  },
  {
    "mob_name": 9,
    "mob_tag": 935,
    "mob_x": 66,
    "mob_y": 48,
    "mob_gif": 0,
    "mob_level": 1
  },
  {
    "mob_name": 9,
    "mob_tag": 936,
    "mob_x": 66,
    "mob_y": 45,
    "mob_gif": 0,
    "mob_level": 1
  },
  {
    "mob_name": 9,
    "mob_tag": 950,
    "mob_x": 67,
    "mob_y": 46,
    "mob_gif": 0,
    "mob_level": 1
  }
 ]