<?xml version="1.0" encoding="UTF-8" ?>
<!DOCTYPE mapper
      PUBLIC "-//mybatis.org//DTD Mapper 3.0//EN"
   "http://mybatis.org/dtd/mybatis-3-mapper.dtd">

<mapper namespace="mapper.book">

	<select id="selectBooks" resultType="bookVo" parameterType="bookVo">
         SELECT * FROM tbl_book 
         <if test="b_name != null">
        	WHERE b_name LIKE CONCAT('%', #{b_name}, '%') 
        	or b_author LIKE CONCAT('%', #{b_name}, '%') 
        	or b_publisher LIKE CONCAT('%', #{b_name}, '%')
    	 </if>
    	 ORDER BY b_name
 	</select>	
 	
 	<insert id="insertReviewBook" parameterType="reviewBookVo">
 		INSERT INTO 
 		tbl_review_book 
 		(b_no, u_m_no, rev_content, rev_reg_date, rev_mod_date) 
 		VALUES 
 		(#{b_no}, #{u_m_no}, #{rev_content}, now(), now() )
 	</insert>
 	
 	<update id="revCountUpdate" parameterType="reviewBookVo">
 		UPDATE tbl_book SET rev_b_no_count = rev_b_no_count + 1 
 		WHERE b_no=#{b_no}
 	</update>
	
	<update id="revCountMinusUpdate" parameterType="reviewBookVo">
 		UPDATE tbl_book SET rev_b_no_count = rev_b_no_count - 1 
 		WHERE b_no=#{b_no}
 	</update>
	
	<select id="selectBnoReview" resultType="reviewBookVo" parameterType="reviewBookVo">
		SELECT * FROM tbl_review_book A
		JOIN tbl_user_member B ON A.u_m_no = B.u_m_no
		WHERE b_no=#{b_no} ORDER BY rev_no DESC
	</select>
	
	<update id="reviewBookUpdate" parameterType="reviewBookVo">
		UPDATE tbl_review_book SET rev_content = #{rev_content}, rev_mod_date = now() 
 		WHERE rev_no=#{rev_no}
	</update>
	
	<delete id="reviewBookDelete" parameterType="reviewBookVo">
		DELETE FROM tbl_review_book WHERE rev_no=#{rev_no}
	</delete>
	
	<select id="requestBookLikeCount" resultType="int" parameterType="likeBookVo">
		SELECT Count(*) FROM tbl_like_book WHERE b_no = #{b_no}
	</select>
	
	<select id="requestBookLikeStatus" resultType="int" parameterType="likeBookVo">
		SELECT Count(*) FROM tbl_like_book WHERE b_no = #{b_no} AND u_m_no = #{u_m_no}
	</select>
	
	<insert id="requestBookLikeInsert" parameterType="likeBookVo">
		INSERT INTO tbl_like_book (b_no, u_m_no) VALUES (#{b_no}, #{u_m_no})
	</insert>
	
	<delete id="requestBookLikeDelete" parameterType="likeBookVo">
		DELETE FROM tbl_like_book WHERE b_no = #{b_no} AND u_m_no = #{u_m_no}
	</delete>
	
	<update id="requestBookBnoLikeCountUpdate" parameterType="hashmap">
		UPDATE tbl_book SET like_b_no_count = #{count} 
 		WHERE b_no=#{b_no}
	</update>
	
	<insert id="photoReviewConfirm" parameterType="photoReviewVo">
		INSERT INTO tbl_photo_review (u_m_no, pr_name, pr_author, pr_publisher, pr_photo0, pr_photo1, pr_photo2) 
		VALUES (#{u_m_no}, #{pr_name}, #{pr_author}, #{pr_publisher}, #{pr_photo0}, #{pr_photo1}, #{pr_photo2})
	</insert>
	
	<select id="photoReviewAll" resultType="photoReviewVo">
		SELECT * FROM tbl_photo_review
	</select>
	
	<select id="mallBookAll" resultType="mallBookVo">
		SELECT * FROM tbl_mall_book
	</select>
	
	<insert id="bookMallInsert" parameterType="mallBookVo">
		INSERT INTO tbl_mall_book (bm_name, bm_author, bm_publisher, bm_isbn, bm_price, bm_quantity, bm_photo0, bm_photo1, bm_photo2)
		VALUES (#{bm_name}, #{bm_author}, #{bm_publisher}, #{bm_isbn}, #{bm_price}, #{bm_quantity}, #{bm_photo0}, #{bm_photo1}, #{bm_photo2})
	</insert>
	<insert id="cartIn" parameterType="cartBookVo">
		INSERT INTO tbl_cart_book (bm_no, u_m_no) VALUES(#{bm_no},#{u_m_no})
	</insert>
	<insert id="cartIn2" parameterType="cartBookVo">
		INSERT INTO tbl_cart_book (bm_no, u_m_no, cart_qty) VALUES(#{bm_no},#{u_m_no},#{cart_qty})
	</insert>
	
	<select id="cartAll" resultType="cartBookVo" parameterType="int">
		SELECT cb.*, mb.* 
		FROM tbl_mall_book mb
		JOIN tbl_cart_book cb ON mb.bm_no = cb.bm_no
		WHERE cb.u_m_no = #{u_m_no};
	</select>
	<select id="cartCheck" resultType="int" parameterType="cartBookVo">
			SELECT Count(*) FROM tbl_cart_book WHERE bm_no = #{bm_no} and u_m_no = #{u_m_no}
	</select>
	<update id="cartCheckUpdate" parameterType="cartBookVo">
		UPDATE tbl_cart_book SET cart_qty = cart_qty + #{cart_qty} 
 		WHERE bm_no = #{bm_no} and u_m_no = #{u_m_no}
	</update>
	<select id="cartAllEmpty" resultType="cartBookVo" parameterType="cartBookVo">
	SELECT *, #{cart_qty} as cart_qty FROM tbl_mall_book where bm_no = #{bm_no}
	<!-- SELECT *, 1 as cart_qty FROM tbl_mall_book where bm_no = #{element} --> 
	</select>
	<update id="cartUpdateUpDown" parameterType="map">
		UPDATE tbl_cart_book SET cart_qty = cart_qty + #{updown} 
 		WHERE u_m_no = #{cartbookvo.u_m_no} and bm_no = #{cartbookvo.bm_no} AND (cart_qty + #{updown}) >= 0;
	</update>
	<update id="cartUpdateUpDownChange" parameterType="cartBookVo">
		UPDATE tbl_cart_book SET cart_qty = #{cart_qty} 
 		WHERE u_m_no = #{u_m_no} and bm_no = #{bm_no} 
	</update>
	<delete id="cartRemovePlease" parameterType="cartBookVo">
		DELETE FROM tbl_cart_book WHERE u_m_no = #{u_m_no} and bm_no = #{bm_no}
	</delete>
	<insert id="orderSetup" parameterType="cartBookVo">
		INSERT INTO tbl_order_book (bm_no, u_m_no, cart_qty) VALUES(#{bm_no},#{u_m_no},#{cart_qty})
	</insert>
	<select id="orderLoad" resultType="cartBookVo" parameterType="cartBookVo">
		SELECT cb.*, mb.* 
		FROM tbl_mall_book mb
		JOIN tbl_order_book cb ON mb.bm_no = cb.bm_no
		WHERE cb.u_m_no = #{u_m_no};
	</select>
	
</mapper>