<?xml version="1.0" encoding="UTF-8"?>
<beans xmlns="http://www.springframework.org/schema/beans"
	xmlns:xsi="http://www.w3.org/2001/XMLSchema-instance"
	xmlns:context="http://www.springframework.org/schema/context"
	xsi:schemaLocation="http://www.springframework.org/schema/beans http://www.springframework.org/schema/beans/spring-beans.xsd
		http://www.springframework.org/schema/context http://www.springframework.org/schema/context/spring-context-4.3.xsd">
		
	<!-- JavaMailSenderImpl 객체 -->
	<bean id="mailSender" class="org.springframework.mail.javamail.JavaMailSenderImpl">
		<property name="host" value="smtp.gmail.com" />
		<property name="port" value="587" />
		<property name="username" value="j.mongs28@gmail.com" />      
		<property name="password" value="lqexapukfpjbyxzo" />    
		<property name="javaMailProperties">
			<props>
	            <prop key="mail.transport.protocol">smtp</prop>
	            <prop key="mail.smtp.auth">true</prop>
	            <prop key="mail.smtp.port">587</prop>
	            <prop key="mail.debug">true</prop>
	            <prop key="mail.smtp.ssl.trust">smtp.gmail.com</prop>
	            <prop key="mail.smtp.ssl.protocols">TLSv1.2</prop>
	            <prop key="mail.smtp.ssl.enable">false</prop>
	            <prop key="mail.smtp.starttls.enable">true</prop>
	            <prop key="mail.smtp.socketFactory.class">
	            javax.net.ssl.SSLSocketFactory</prop>
        	</props>
		</property>
	</bean>
	
</beans>
